龙岗支行,长江东路2号  [地图],长江批发市场对面,对公：随市政府行政上班时间调整对私：冬季：8:00-17:30  夏季：8:00-18:00,0551-67672008
临泉路储蓄所,和煦园18号商102  [地图],和煦园旁边,冬季：8:00-17:30夏季：8:00-18:00,0551-65692072
嘉山路分理处,张洼路与嘉山路交叉口  [地图],元一名城对面,冬季：8:00-17:30夏季：8:00-18:00,0551-65603267
滨水城分理处,义井路与颍上路交叉口  [地图],滨水城小区门口,冬季：8:00-17:30夏季：8:00-18:00,0551-65539821
蒙城北路分理处,蒙城北路21号  [地图],国瑞宾馆,冬季：8:00-17:30夏季：8:00-18:00,0551-65535254
阜阳北路支行,阜阳北路龙河商场  [地图],佳佳洁超市、杏林小区,冬季：8:00-17:30夏季：8:00-18:00,0551-65531564
亳州路储蓄所,濉溪路333号  [地图],中国计算机函授学院附近,冬季：8:00-17:30夏季：8:00-18:00,0551-65530524
高新开发区支行,天柱路梦园小区门口  [地图],天柱路梦园小区门口,对公：8:30-12:00 14:30-17:00 周六、日休息对私：8:30-17:00,0551-65320252
颐和花园分理处,颐和花园清苑商106  [地图],颐和花园门口,冬季：8:00-17:30夏季：8:00-18:00,0551-65176556
三里庵支行,长江西路200号  [地图],置地广场一楼、国购广场对面,冬季：8:00-17:30夏季：8:00-18:00,0551-65165153
淠河路储蓄所,淠河路88号  [地图],38所旁边,冬季：8:00-17:30夏季：8:00-18:00,0551-65134139
望江西路分理处,望江西路160号  [地图],华润幸福里对面,冬季：8:00-17:30夏季：8:00-18:00,0551-65133409
东至路分理处,东至路通和佳苑商1  [地图],通和佳苑门口,冬季：8:00-17:30夏季：8:00-18:00,0551-65121370
蜀山东路分理处,长江西路306号  [地图],五里墩立交桥旁边、淠河路菜市旁边,冬季：8:00-17:30夏季：8:00-18:00,0551-65120426
龙河路储蓄所,龙河路(安大北门)  [地图],安徽大学老校区旁边,冬季：8:00-17:30夏季：8:00-18:00,0551-65107701
宣城路储蓄所,宣城路9号  [地图],合肥工业大学老校区旁边,冬季：8:00-17:30夏季：8:00-18:00,0551-64662854
钢南储蓄所,枞阳路256号  [地图],钢南菜市旁边,冬季：8:00-17:30夏季：8:00-18:00,0551-64531724
建新储蓄所,铜陵路182号  [地图],华业苑小区大门南边,冬季：8:00-17:30夏季：8:00-18:00,0551-64486062
东铜储蓄所,和平路241号  [地图],公交公司附近,冬季：8:00-17:30夏季：8:00-18:00,0551-64484501
和平路储蓄所,和平家园1号楼  [地图],合肥市第八人民医院对面,冬季：8:00-17:30夏季：8:00-18:00,0551-64462756
金大塘储蓄所,长江东路1087号  [地图],东方商城附近,冬季：8:00-17:30夏季：8:00-18:00,0551-64292491
美凯龙分理处,临泉路铜陵北路叉口  [地图],信地红星美凯龙市场,9:00-17:00,0551-64268553
新亚储蓄所,惠康小区门107号  [地图],新亚汽车站旁边,冬季：8:00-17:30夏季：8:00-18:00,0551-64228841
新城分理处,莲花路紫云花园75号  [地图],合肥师范学院对面,冬季：8:30-17:00夏季：8:30-17:30,0551-63848507
黄山路储蓄所,黄山东路55号  [地图],合肥水利厅医院旁,冬季：8:00-17:30夏季：8:00-18:00,0551-63652797
望江中路分理处,望江路140号  [地图],合肥市三院旁边,冬季：8:00-17:30夏季：8:00-18:00,0551-63638523
望江路储蓄所,桐城路55号  [地图],化三院旁边、省立儿童医院斜对面,冬季：8:00-17:30夏季：8:00-18:00,0551-63637812
铁四局分理处,望江路94号  [地图],铁四局家属院内,冬季：8:00-17:30夏季：8:00-18:00,0551-63636782
绩溪路储蓄所,绩溪路361号  [地图],安医住院部对面,冬季：8:00-17:30夏季：8:00-18:00,0551-63633857
马南支行,柏林春天东门105号  [地图],柏林春天小区门口,冬季：8:00-17:30夏季：8:00-18:00,0551-63448642
太宁花园储蓄所,宁国南路2号  [地图],太宁花园小区门口,冬季：8:00-17:30夏季：8:00-18:00,0551-63441456
银杏苑支行,银杏苑小区门口  [地图],银杏苑小区门口,冬季：8:00-17:30夏季：8:00-18:00,0551-63426037
包河苑储蓄所,纬二路包河广电局  [地图],包河苑小区、包河花园小区,9:00-17:00,0551-63358073
琥珀山庄分理处,琥珀山庄南村31幢附  [地图],琥珀山庄,冬季：8:00-17:30夏季：8:00-18:00,0551-62828907
汇通分理处,三孝口汇通商厦  [地图],三孝口十字路口东南角,周一至周五上午9：00-下午17：00，周六、周日休息,0551-62677823
含山路储蓄所,红星路4号  [地图],省委西门,冬季：8:00-17:30夏季：8:00-18:00,0551-62648522
舒城路储蓄所,舒城路2号  [地图],省政府后门红府超市旁边,冬季：8:00-17:30夏季：8:00-18:00,0551-62642322
城隍庙储蓄所,蒙城路102号  [地图],城隍庙旁边,冬季：8:00-17:30夏季：8:00-18:00,0551-62610376
城西支行营业部,长江路480号  [地图],百大CBD对面，六中对面,对公：随市政府行政上班时间调整对私：冬季：8:00-17:30      夏季：8:00-18:00,0551-62811245
梅山路支行,合肥市梅山路105号  [地图],中医学院对面,周一至周五对公：8:00-12:00 15:00-18:00周一至周日对私：8:00-18:00,0551-65116644
青年路支行,合肥市徽州大道638号  [地图],水利厅对面、九华山路下穿桥边上,周一至周五对公：8:00-12:00 15:00-18:00周一至周日对私：8:00-18:00,0551-64653401
芜湖路支行,合肥市芜湖路98号  [地图],合肥七中旁边,周一至周五对公：8:00-12:00 15:00-18:00周一至周日对私：8:00-18:00,0551-62886647
城南支行,合肥市金寨路66号  [地图],江南春大酒店旁边,周一至周五对公：8:00-12:00 15:00-18:00周一至周日对私：8:00-18:00,0551-63661825
钟楼支行营业部,合肥市徽州大道253号  [地图],省建行一楼营业大厅、安徽良苑会馆旁边,周一至周五对公：8:00-12:00 15:00-18:00周一至周日对私：8:00-18:00,0551-62879604
合肥长丰支行,长丰县水湖镇长寿路55号  [地图],长丰县人武部旁,周一至周五对公：（冬季）8:00-12:00 14:30-17:30周日休息对公：（夏季）8:00-12:00 15:00-18:00周日休息对私：周一至周日（冬季）8:00-17:30（夏季）8:00-18:00,0551-66675818
合肥肥西交通分理处,肥西县上派镇巢湖中路29号  [地图],巢湖路口,周一至周五对公：（冬季）8:00-12:00 14:30-17:30周日休息对公：（夏季）8:00-12:00 15:00-18:00周日休息对私：周一至周日（冬季）8:00-17:30（夏季）8:00-18:00,0551-68833408
合肥肥西支行,肥西县上派镇人民中路1号  [地图],人民中路四叉路口,周一至周五对公：（冬季）8:00-12:00 14:30-17:30周日休息对公：（夏季）8:00-12:00 15:00-18:00周日休息对私：周一至周日（冬季）8:00-17:30（夏季）8:00-18:00,0551-68842313
合肥肥东店埠储蓄所,肥东县店埠镇人民路与塘杨路交叉口  [地图],人民路口,周一至周五对公：（冬季）8:00-12:00 14:30-17:30周日休息对公：（夏季）8:00-12:00 15:00-18:00周日休息对私：周一至周日（冬季）8:00-17:30（夏季）8:00-18:00,0551-67711164
合肥肥东支行,肥东县店埠镇公园路26号  [地图],肥东邮局对面,周一至周五对公：（冬季）8:00-12:00 14:30-17:30周日休息对公：（夏季）8:00-12:00 15:00-18:00周日休息对私：周一至周日（冬季）8:00-17:30（夏季）8:00-18:00,0551-67711179
合肥步行街支行,合肥市九狮桥路45号  [地图],百盛广场隔壁,周一至周五对公：（冬季）8:00-12:00 14:30-17:30周日休息对公：（夏季）8:00-12:00 15:00-18:00周日休息对私：周一至周日（冬季）8:00-17:30（夏季）8:00-18:00,0551-62631782
合肥政务文化新区支行,合肥绿地蓝海国际大厦B座  [地图],国际花都门口,周一至周五对公：（冬季）8:00-12:00 14:30-17:30周日休息对公：（夏季）8:00-12:00 15:00-18:00周日休息对私：周一至周日（冬季）8:00-17:30（夏季）8:00-18:00,0551-63490803
合肥经济开发区支行,合肥繁华大道241号  [地图],炊神对面,周一至周五对公：8:30-12:00 14:00-17:00周日休息周一至周日对私：8:30-17:00,0551-63816651
合肥金寨南路支行,合肥市金寨南路401号  [地图],红四方大门口,周一至周五对公：（冬季）8:00-12:00 14:30-17:30周日休息对公：（夏季）8:00-12:00 15:00-18:00周日休息对私：周一至周日（冬季）8:00-17:30（夏季）8:00-18:00,0551-63528229
合肥濉溪路支行,合肥市濉溪路3号  [地图],双岗十字路口,周一至周五对公：（冬季）8:00-12:00 14:30-17:30周日休息对公：（夏季）8:00-12:00 15:00-18:00周日休息对私：周一至周日（冬季）8:00-17:30（夏季）8:00-18:00,0551-65536309
合肥蒙城路支行,合肥市阜南西路166号  [地图],润安大厦一楼,周一至周五对公：（冬季）8:00-12:00 14:30-17:30周日休息对公：（夏季）8:00-12:00 15:00-18:00周日休息对私：周一至周日（冬季）8:00-17:30（夏季）8:00-18:00,0551-62810848
庐阳支行营业部,合肥市寿春路130号  [地图],瑞景购物中心隔壁,周一至周五对公：（冬季）8:00-12:00 14:30-17:30周日休息对公：（夏季）8:00-12:00 15:00-18:00周日休息对私：周一至周日（冬季）8:00-17:30（夏季）8:00-18:00,0551-62645182
蜀山支行,合肥蜀山区黄山路与西二环交口东南角博澳丽苑博澳广场E号楼  [地图],博澳丽苑博澳广场,对公：周一至周五8:00-12:00 15:00-18:00；周六、周日休息对私：周一至周日8:00-18:30,0551-62817772
滨湖支行,滨湖新区紫云路与广西路交口  [地图],滨湖世纪城购物中心东南角,周一至周五对公：8:00-12:00 15:00-18:00对私：8:00-18:00周六日对私：周六8:00-18:00,0551-62912487
新客站支行,合肥市安徽大市场南大门边  [地图],安徽大市场南大门东侧,周一至周五对公：8:00-12:00 15:00-18:00对私：8:00-18:00周六日对私：周六8:00-18:00,0551-64217315
马鞍山路支行,合肥市马鞍山路598号文景雅居1号楼  [地图],家乐福南边,周一至周五对公：8:00-12:00 15:00-18:00对私：8:00-18:00周六日对私：周六8:00-18:00,0551-63412470
长江东路支行,合肥市长江东路692号  [地图],环宇家具西边,周一至周五对公：8:00-12:00 15:00-18:00对私：8:00-18:00周六日对私：周六8:00-18:00,0551-64221641
城东支行营业部,合肥新站开发区万事达广场一号楼  [地图],胜利广场斜对面,周一至周五对公：8:00-12:00 15:00-18:00对私：8:00-18:00周六日对私：周六8:00-18:00,0551-64225769
淮河水利支行,蚌埠市宏业路243号  [地图],安徽财经大学西校区东南角,周一至周五对公：8:00-12:00 15:00-17:00对私：8:00-17:30周六日对私：8:00-17:30,0552-3060694
车站支行,蚌埠市淮河路801号  [地图],第二人民医院东面，火车站西面,周一至周五对公：8:00-12:00 15:00-17:00对私：8:00-17:30周六日对私：8:00-17:30,0552-3061036
光彩支行,光彩大市场一期北3#楼3区101、201  [地图],光彩大市场北门东侧,周一至周五对公：8:00-12:00 15:00-17:00对私：8:00-17:30周六日对私：8:00-17:30,0552-4111969
涂山支行,涂山路661号  [地图],火柴厂东侧,周一至周五对公：8:00-12:00 15:00-17:00对私：8:00-17:30周六日对私：8:00-17:30,0552-4081744
望淮塔支行,吴湾路570号  [地图],一千零一夜东面,周一至周日对私：8:00-17:30,0552-4082078
淮光支行,中山街75号  [地图],蚂虾街东头,周一至周日对私：8:00-17:30,0552-2066255
陶店支行,蚌埠市燕山路1035号  [地图],123医院北面,周一至周五对公：8:00-12:00 15:00-17:00对私：8:00-17:30周六日对私：8:00-17:30,0552-4125519
龙湖支行,大学城龙湖春天3区7、8号  [地图],蚌埠医学院南面,周一至周日对私：8:00-17:30,0552-3119949
朝阳支行,朝阳路377号  [地图],世纪联华对面,周一至周五对公：8:00-12:00 15:00-17:00对私：8:00-17:30周六日对私：8:00-17:30,0552-4026711
高新支行,东海大道567号  [地图],三实小西面,周一至周五对公：8:00-12:00 15:00-17:00对私：8:00-17:30周六日对私：8:00-17:30,0552-4073499
鸿运分理处,解放一路117号  [地图],水建医院北面,周一至周日对私：8:00-17:30,0552-3054934
营业部,淮河路1029号  [地图],新世纪对面,周一至周五对公：8:00-12:00 15:00-17:00对私：8:00-17:30周六日对私：8:00-17:30,0552-2075642
西城支行,蚌埠市涂山路191号  [地图],第一人民医院东面,周一至周日对私：8:00-17:30,0552-4018973
五河建行,五河县城关镇中兴路20号  [地图],二中对面,周一至周五对公：8:00-12:00 15:00-17:00对私：8:00-17:30周六日对私：8:00-17:30,0552-5028755
铁路支行,胜利东路1599号  [地图],珠园东面,周一至周五对公：8:00-12:00 15:00-17:00对私：8:00-17:30周六日对私：8:00-17:30,0552-2048147
胜纬支行,蚌埠市前进路238号朝阳嘉园11号楼3区5、6号  [地图],前进路小学西侧,周一至周日对私：8:00-17:30,0552-4034746
胜利支行,蚌埠市工农路508号  [地图],沁雅花园西北角,周一至周日对私：8:00-17:30,0552-3940185
建龙支行,工农路246号  [地图],太平街对面,周一至周五对公：8:00-12:00 15:00-17:00对私：8:00-17:30周六日对私：8:00-17:30,0552-2062220
建安所,兴业街410-412号  [地图],二实小对面,周一至周日对私：8:00-17:30,0552-2048977
淮滨储蓄所,宏业路109号  [地图],华运超市对面,周一至周日对私：8:00-17:30,0552-3120270
怀远三所,怀远县禹王路东段进山路东  [地图],交通局旁边,周一至周日对私：8:00-17:30,0552-8011803
怀远支行,怀远禹王路180号  [地图],县幼儿园对面,周一至周五对公：8:00-12:00 15:00-17:00对私：8:00-17:30周六日对私：8:00-17:30,0552-8015146
广场支行,华夏第一街区B1号楼1208-1211号  [地图],淮河文化广场南面,周一至周日对私：8:00-17:30,0552-2048967
二钢支行,凤阳东路313号  [地图],橡胶厂东面,周一至周日对私：8:00-17:30,0552-3010656
东风支行,凤阳东路450号  [地图],长途汽车站北面,周一至周五对公：8:00-12:00 15:00-17:00对私：8:00-17:30周六日对私：8:00-17:30,0552-3013247
凤阳路分理处,蚌埠市凤阳西路88号  [地图],市第二人民医院东面,周一至周日对私：8:00-17:30,0552-2070208
淮南市裕安储蓄所,淮南市田家庵区舜耕西路104#  [地图],裕安小区南门，蓝宝大酒店斜对面。,对私：周一至周日8:00-18:30，无对公业务,0554-6886555
淮南市金家岭储蓄所,淮南市田家庵区泉山路45#  [地图],金家岭加油站对面。,对私：周一至周日8:00-18:30，无对公业务,0554-6802320
淮南市交通储蓄所,淮南市田家庵区龙湖北路1-1#  [地图],人行天桥北，淮师附小斜对面。,对私：周一至周日8:00-18:30，无对公业务,0554-3649493
淮南市洞山西路储蓄所,淮南市田家庵区洞山西路40#  [地图],老龙眼公交汽车站。,对私：周一至周日8:00-18:30，无对公业务,0554-6642322
淮南市三水厂储蓄所,淮南市田家庵区园南路  [地图],市档案馆对面。,对私：周一至周日8:00-18:30，无对公业务,0554-6312767
淮南市淮谢储蓄所,淮南市谢家集区蔡新路中段  [地图],长江商贸城和凯胜重工机械有限公司。,对私：周一至周日8:00-18:30，无对公业务,0554-5710895
淮南市前锋二村储蓄所,淮南市田家庵区朝阳东路158#  [地图],前锋二村住宅区南门。,对私：周一至周日8:00-18:30，无对公业务,0554-2684330
淮南市职大储蓄所,淮南市田家庵区刘家山路  [地图],洞山派出所、淮南职工大学附近。,对私：周一至周日8:00-18:30，无对公业务,0554-6642323
淮南市洞姚路储蓄所,淮南市田家庵区国庆中路291-3#  [地图],银鹭小区，市政府广场斜对面。,对私：周一至周日8:00-18:30，无对公业务,0554-2681130
淮南市光淮储蓄所,淮南市潘集区黄山路33号  [地图],潘集工商局楼下，潘集商贸市场对面。,对私：周一至周日8:00-18:30，无对公业务,0554-4971553
淮南市供电局储蓄所,淮南市田家庵区淮舜南路149#  [地图],市供电局职工住宅区。,对私：周一至周日8:00-18:30，无对公业务,0554-2677076
淮南市振淮分理处,淮南市田家庵区淮滨路152#  [地图],市人民医院对面，公交汽车终点站附近。,对私：周一至周日8:00-18:30，无对公业务,0554-3625481
淮南市泉山分理处,淮南市田家庵区泉山路79#  [地图],化三建职工住宅区,对私：周一至周日8:00-18:30，无对公业务,0554-6651590
淮南市望峰岗分理处,淮南市谢家集区望峰岗南路  [地图],望峰岗机械厂东门,对私：周一至周日8:00-18:30，无对公业务,0554-5811729
淮南市田东分理处,淮南市田家庵区电厂路330#  [地图],田东电厂西,对私：周一至周日8:00-18:30，无对公业务,0554-3625494
淮南八公山支行,淮南市八公山区建北路南15号楼一楼  [地图],,对私：周一至周日8:00-18:30，无对公业务,0554-5614352
淮南平山支行,淮南市谢家集区平山路  [地图],蔡家岗百货大楼西边。,对私：周一至周日8:00-18:30，无对公业务,0554-5716886
淮南朝阳支行,淮南市田家庵区陈洞南路29-7#  [地图],苏果超市对面。,对私：周一至周日8:00-18:30，无对公业务,0554-6652850
淮南淮化支行,淮南市田家庵区泉山路165#  [地图],淮南化肥厂生活区。,对公：周一至周五8:00-12:00 15:00-18:00；周六、周日休息对私：周一至周日8:00-18:30,0554-6412987
淮南洛河支行,淮南市大通区洛河镇天河大厦一楼  [地图],洛河电厂南门。,对公：周一至周五8:00-12:00 15:00-18:00；周六、周日休息对私：周一至周日8:00-18:30,0554-3611002
淮南龙湖支行,淮南市田家庵区朝阳中路41#  [地图],龙湖中学对面。,对公：周一至周五8:00-12:00 15:00-18:00；周六、周日休息对私：周一至周日8:00-18:30,0554-2671591
淮南新集支行,凤台县新集镇创业路  [地图],新集镇政府附近。,对公：周一至周五8:00-12:00 15:00-18:00；周六、周日休息对私：周一至周日8:00-18:30,0554-8161656
淮南洞山支行,淮南田家庵区洞山中路26号  [地图],淮南市政府斜对面，市电视大楼正对面。,对公：周一至周五8:00-12:00 15:00-18:00；周六、周日休息对私：周一至周日8:00-18:30,0554-6640104
中国建设银行股份有限公司凤台支行,凤台县城关镇中山北路东侧  [地图],人行天桥下。,对公：周一至周五8:00-12:00 15:00-18:00；周六、周日休息对私：周一至周日8:00-18:30,0554-8611235
淮南平圩支行,淮南市潘集区平圩镇平圩大道  [地图],平圩镇政府附近。,对公：周一至周五8:00-12:00 15:00-18:00；周六、周日休息对私：周一至周日8:00-18:30,0554-4331071
淮南田家庵支行,淮南市田家庵区国庆中路72#  [地图],田家庵区政府对面，人行天桥东20米，四海大厦旁。,对公：周一至周五8:00-12:00 15:00-18:00；周六、周日休息对私：周一至周日8:00-18:30,0554-3640485
淮南潘集支行,淮南市潘集区长江路144号  [地图],金格商厦对面。,对公：周一至周五8:00-12:00 15:00-18:00；周六、周日休息对私：周一至周日8:00-18:30,0554-4971362
淮南住房建筑业支行,淮南市田家庵区龙湖南路28-5号  [地图],家乐福超市楼下，华联商厦对面。,对公：周一至周五8:00-12:00 15:00-18:00；周六、周日休息对私：周一至周日8:00-18:30,0554-2677477
淮南蔡家岗支行,淮南市谢家集区春林大道  [地图],蔡家岗公交终点站东，西城华联商厦附近。,对公：周一至周五8:00-12:00 15:00-18:00；周六、周日休息对私：周一至周日8:00-18:30,0554-5689405
沱河分理处,濉溪县虎山南路92号  [地图],濉溪县政府斜对面,周一至周五对公：8：00-11：30 14:30-17:30对私：8:00-17:30周六日对私：8：00-17：30,0561-6077090
三堤口支行,濉溪县淮海路  [地图],淮北矿业集团工程建设公司大门北50米,周一至周五对公：8：00-11：30 14:30-17:30对私：8:00-17:30周六日对私：8：00-17：30,0561-6078859
濉溪支行,濉溪县沱河路68号  [地图],濉溪县消防队隔壁，濉溪四方商场东,周一至周五对公：8：00-11：30 14:30-17:30对私：8:00-17:30周六日对私：8：00-17：30,0561-6078956
纺建支行,淮北市濉溪路中段  [地图],淮北市濉溪路与五马路交叉口南50米路东,周一至周五对公：8：00-11：30 14:30-17:30对私：8:00-17:30周六日对私：8：00-17：30,0561-3012507
长山路分理处,淮北市长山路惠苑路交叉口  [地图],淮北秦妈火锅新概念店斜对面。,周一至周日对私：8：00-17：30,0561-3185162
烈山支行,淮北市烈山区杨庄矿工人村  [地图],杨庄矿医院斜对面。,周一至周五对公：8：00-11：30 14:30-17:30对私：8:00-17:30周六日对私：8：00-17：30,0561-4081055
黎苑支行,淮北市相山路黎苑新村步行街西端  [地图],淮北市市容管理局旁；淮北市政府北100米路东。,周一至周五对公：8：00-11：30 14:30-17:30对私：8:00-17:30周六日对私：8：00-17：30,0561-3191511
开发区支行,淮北市相山南路305号  [地图],淮北联通公司办公大楼一楼；帝景翰园南50米；兆基国际家具城对面。,周一至周五对公：8：00-11：30 14:30-17:30对私：8:00-17:30周六日对私：8：00-17：30,0561-3079706
人民路分理处,淮北市人民路相阳路交叉口  [地图],淮北市行政服务中心服务大厅旁；淮北市招商大厦一楼。,周一至周日对私：8：00-17：30,0561-3112785
古城分理处,淮北市鹰山北路36号  [地图],淮北市石油公司一楼；蓝宇广场斜对面。,周一至周日对私：8：00-17：30,0561-3024117
洪山储蓄所,淮北市教育巷6号  [地图],淮北市人民医院东20米；真棒超市教育巷店隔壁。,周一至周日对私：8：00-17：30,0561-3052314
教育巷分理处,淮北市教育巷20号  [地图],淮北市教育巷东端；原淮海商场后。,周一至周日对私：8：00-11：30 14:30-17:30,0561-3025422
相山支行,淮北市相山北路30号  [地图],淮北市第二实验小学大门南50米；淮北相山路菜场北100米路西。,周一至周五对公：8：00-11：30 14:30-17:30对私：8:00-17:30周六日对私：8：00-17：30,0561-3023891
高岳支行,淮北市相杜路龙山路交叉口  [地图],淮北杜集区国税局对面；杜集区开渠广场东十字路口。,周一至周五对公：8：00-11：30 14:30-17:30对私：8:00-17:30周六日对私：8：00-17：30,0561-4013012
东山路支行,淮北市东山路科苑小区大门旁  [地图],淮北师范大学北100米；淮北特凿公司对面。,周一至周五对公：8：00-11：30 14:30-17:30对私：8:00-17:30周六日对私：8：00-17：30,0561-3090702
西城支行,淮北市淮海中路16号  [地图],淮北电厂高层宿舍楼下；濉溪路北端。,周一至周五对公：8：00-11：30 14:30-17:30对私：8:00-17:30周六日对私：8：00-17：30,0561-3022034
相城支行,淮北市淮海路189号  [地图],淮北市相王国际商城北入口西100米；原淮北相山宾馆大门西侧。,周一至周五对公：8：00-11：30 14:30-17:30对私：8:00-17:30周六日对私：8：00-17：30,0561-3024725
淮东支行,淮北市相山区淮海中路136号  [地图],淮北市司法局楼下；淮北广播电视大楼旁,周一至周五对公：8：00-11：30 14:30-17:30对私：8:00-17:30周六日对私：8：00-17：30,0561-3036770
东城支行,淮北市淮海路273号  [地图],淮北市供电公司对面；淮北上花轿大酒店旁。,周一至周五对公：8：00-11：30 14:30-17:30对私：8:00-17:30周六日对私：8：00-17：30,0561-3038742
住建支行,淮北市古城路64号  [地图],淮北大润发超市东50米；大声公酒店东。,周一至周五对公：8：00-11：30 14:30-17:30对私：8:00-17:30周六日对私：8：00-17：30,0561-3020705
惠黎支行,淮北市古城路41号  [地图],淮北市古城路孟山路交叉口；建行办公大楼一楼。,周一至周五对公：8：00-11：30 14:30-17:30对私：8:00-17:30周六日对私：8：00-17：30,0561-3052912
健康路储蓄所,马鞍山市同济花园8号  [地图],21路公交车健康路站,对私：周一至周日8：00-17：00；,0555-8335193
金家庄分理处,马鞍山市幸福路35号  [地图],13路公交车底站,对私：周一至周日8：00-17：00；,0555-2810839
中岗分理处,马鞍山市佳山路62号  [地图],第二人民医院附近,对私：周一至周日8：00-17：00；,0555-2323927
南山矿分理处,马鞍山市平南四村47栋1号  [地图],南山矿厂部,对私：周一至周日8：00-17：00；,0555-3100837
沙塘路分理处,马鞍山市沙塘路2号  [地图],人民医院对面,对私：周一至周日8：00-17：00；,0555-2472573
提署路分理处,当涂县姑孰镇提署中路468号  [地图],实验中学附近,对私：周一至周日8：00-17：00；,0555-6712815
康乐路分理处,马鞍山市康乐路碧溪花园4幢102号  [地图],师苑小学南面,对私：周一至周日8：00-17：00；,0555-8324092
红旗中路分理处,马鞍山市红旗中路66号  [地图],三台路口,对私：周一至周日8：00-17：00；,0555-2318555
珍珠园支行,马鞍山市花山区花雨路99号  [地图],花雨广场南面,对私：周一至周日8：00-17：00；,0555-2348025
梅花园支行,马鞍山市江东大道梅花园12-1幢B座  [地图],重阳路口,对私：周一至周日8：00-17：00；,0555-2330124
红旗路支行,马鞍山市红旗南路2028号  [地图],钢城花园附近,对私：周一至周日8：00-17：00；,0555-2216416
东晖支行,马鞍山市江东大道东晖花园3栋110-113号  [地图],西湖花园对面,对私：周一至周日8：00-17：00；,0555-2460621
解放路支行,马鞍山市解放路56号  [地图],解放路一条街,对私：周一至周日8：00-17：00；,0555-2476635
湖北东路支行,马鞍山市花山路152号  [地图],大润发超市,对私：周一至周日8：00-17：00；,0555-2472368
湖南西路支行,马鞍山市湖南路34号  [地图],十七冶医院附近,对私：周一至周日8：00-17：00；,0555-2613674
花园路支行,马鞍山市花园路翡翠城市花园19-20号  [地图],朱然墓附近,对私：周一至周日8：00-17：00；,0555-2228160
西园路支行,马鞍山市西园路22号  [地图],五区菜场附近,对私：周一至周日8：00-17：00；,0555-2329896
雨山路支行,马鞍山市雨山西路497栋101号  [地图],农工商超市对面,对私：周一至周日8：00-17：00；,0555-8361634
东苑支行,马鞍山市花山区青松小区一村16栋102-103号  [地图],东苑小区对面,对私：周一至周日8：00-17：00；,0555-2456894
团结广场支行,马鞍山市团结广场西北角综合楼103号  [地图],华联商厦对面,"对公：周一至周五8：00-1200,14:30-17:00；对私：周一至周日8：00-17：00；",0555-2321225
冶金支行,马鞍山市军民路1209号  [地图],田园饭店附近,"对公：周一至周五8：00-1200,14:30-17:00；对私：周一至周日8：00-17：00；",0555-2345714
湖东路支行,马鞍山市湖东中路26号  [地图],安工大本部对面,"对公：周一至周五8：00-1200,14:30-17:00；对私：周一至周日8：00-17：00；",0555-2343458
当涂支行,当涂县姑孰镇振兴路246号  [地图],当涂县行政服务中心,"对公：周一至周五8：00-1200,14:30-17:00；对私：周一至周日8：00-17：00；",0555-6785296
金家庄支行,马鞍山市金家庄区卫东新村37栋  [地图],5路公交车底站,"对公：周一至周五8：00-1200,14:30-17:00；对私：周一至周日8：00-17：00；",0555-3500544
开发区支行,马鞍山市土地局综合楼  [地图],市政广场西面,"对公：周一至周五8：00-1200,14:30-17:00；对私：周一至周日8：00-17：00；",0555-2221934
佳山支行,马鞍山市新岗五村底商  [地图],卫生大厦对面,"对公：周一至周五8：00-1200,14:30-17:00；对私：周一至周日8：00-17：00；",0555-2335887
花山支行,马鞍山市解放路2号  [地图],鸿泰新百对面,"对公：周一至周五8：00-1200,14:30-17:00；对私：周一至周日8：00-17：00；",0555-2483438
铜陵七零一分理处,铜陵市狮子山区矶山街道701工厂内  [地图],铜陵车辆厂,周一至周五对公：8:00-12:00 15:00-17:00 对私8：00-17：00 周六周日 对公休息 对私 8：00-17：00,0562-6803004
铜陵卫民储蓄所,铜陵市义安路与人民三路交汇处  [地图],俪人医院,周一至周五对公：8:00-12:00 15:00-17:00 对私8：00-17：00 周六周日 对公休息 对私 8：00-17：00,0562-2876498
铜陵杨家山储蓄所,铜陵市杨家山路与爱国路交叉口  [地图],第四医院,周一至周五对公：8:00-12:00 15:00-17:00 对私8：00-17：00 周六周日 对公休息 对私 8：00-17：00,0562-2837080
铜陵天桥北路所,铜陵市长江西路161号  [地图],第十中学,周一至周五对公：8:00-12:00 15:00-17:00 对私8：00-17：00 周六周日 对公休息 对私 8：00-17：00,0562-2851260
铜陵红星分理处,铜陵市狮子山区青霞路三叉路口  [地图],狮子山苏果超市,周一至周五对公：8:00-12:00 15:00-17:00 对私8：00-17：00 周六周日 对公休息 对私 8：00-17：00,0562-6821304
铜陵人民分理处,安徽省铜陵市长江中路219号  [地图],人民电影院,周一至周五对公：8:00-12:00 15:00-17:00 对私8：00-17：00 周六周日 对公休息 对私 8：00-17：00,0562-2821350
铜陵开发区支行,铜陵市开发区翠湖一路3066号  [地图],开发区管委会大楼一楼,周一至周五对公：8:00-12:00 15:00-17:00 对私8：00-17：00 周六周日 对公休息 对私 8：00-17：00,2562-2688062
铜陵长江路支行,铜陵市长江中路952号  [地图],工会大厦对面,周一至周五对公：8:00-12:00 15:00-17:00 对私8：00-17：00 周六周日 对公休息 对私 8：00-17：00,0562-2810562
铜陵城中支行,安徽省铜陵市长江西路41号  [地图],育和大酒店对面,周一至周五对公：8:00-12:00 15:00-17:00 对私8：00-17：00 周六周日 对公休息 对私 8：00-17：00,0562-2830771
铜陵铜兴储蓄所,铜陵市铜官山区长江西路171号  [地图],有色公司机关,周一至周五对公：8:00-12:00 15:00-17:00 对私8：00-17：00 周六周日 对公休息 对私 8：00-17：00,0562-2864805
铜陵青年储蓄所,铜陵市长江东路(军分区旁)  [地图],军分区旁边,周一至周五对公：8:00-12:00 15:00-17:00 对私8：00-17：00 周六周日 对公休息 对私 8：00-17：00,0562-2837247
铜陵建龙支行,铜陵市石城大道南段143号  [地图],人民银行对面,周一至周五对公：8:00-12:00 15:00-17:00 对私8：00-17：00 周六周日 对公休息 对私 8：00-17：00,0562-2833488
铜陵建汇支行,安徽省铜陵市金山东路85号  [地图],铜商品市场一楼,周一至周五对公：8:00-12:00 15:00-17:00 对私8：00-17：00 周六周日 对公休息 对私 8：00-17：00,0562-5820402
铜陵横港支行,铜陵市金山西路851号  [地图],六路公交车一冶车站旁,周一至周五对公：8:00-12:00 15:00-17:00 对私8：00-17：00 周六周日 对公休息 对私 8：00-17：00,0562-3862299
铜陵住房建筑业支行,铜陵市义安北路世纪曙光苑3-7网点  [地图],五松山宾馆对面,周一至周五对公：8:00-12:00 15:00-17:00 对私8：00-17：00 周六周日 对公休息 对私 8：00-17：00,0562-2827697
铜陵井湖支行,铜陵县五松镇环城东路观湖西苑  [地图],观湖广场西侧,周一至周五对公：8:00-12:00 15:00-17:00 对私8：00-17：00 周六周日 对公休息 对私 8：00-17：00,0562-8814591
银湖路分理处,芜湖市银湖北路9号  [地图],香格里拉花园步行街口；方特公园斜对面,周一至周五对公：8:00-12:00 14:30-17:30对私：8:00-17:30周六日对私：周六、周日  8:00-17:30,0553-5886736
申元街分理处,芜湖市黄山西路建工新村8号楼3号门面  [地图],联通公司西侧，老百姓大药房斜对面,周一至周五对公：8:00-12:00 14:30-17:30对私：8:00-17:30周六日对私：周六、周日  8:00-17:30,0553-3831016
清水分理处,芜湖市清水镇万春大道28号  [地图],清水镇万春大道路口,周一至周五对公：8:00-12:00 14:30-17:30对私：8:00-17:30周六日对私：周六、周日  8:00-17:30,0553-8291060
新时代分理处,芜湖市新时代商业街11栋143－145号  [地图],新时代商业街中段,周一至周五对公：8:00-12:00 14:30-17:30对私：8:00-17:30周六日对私：周六、周日  8:00-17:30,0553-4223277
河南分理处,芜湖市利民路376号  [地图],奥体公园北侧,周一至周五对公：8:00-12:00 14:30-17:30对私：8:00-17:30周六日对私：周六、周日  8:00-17:30,0553-4816242
康复路分理处,芜湖市康复路123号  [地图],宣城地区医院旁边,周一至周五对公：8:00-12:00 14:30-17:30对私：8:00-17:30周六日对私：周六、周日  8:00-17:30,0553-2869879
南瑞分理处,芜湖市利民路南瑞新城商业街二幢12号  [地图],南瑞湖西侧,周一至周五对公：8:00-12:00 14:30-17:30对私：8:00-17:30周六日对私：周六、周日  8:00-17:30,0553-4113720
黄山东路分理处,芜湖市黄山东路二水科技大楼  [地图],行政服务中心西侧,周一至周五对公：8:00-12:00 14:30-17:30对私：8:00-17:30周六日对私：周六、周日  8:00-17:30,0553-2960063
弋江支行,芜湖市弋江区经三路1号  [地图],�赂壅蜃�园大酒店旁边,周一至周五对公：8:00-12:00 14:30-17:30对私：8:00-17:30周六日对私：周六、周日  8:00-17:30,0553-3025161
步行街支行,芜湖市步行街粤海大厦一楼西区102号  [地图],新百大厦斜对面,周一至周五对公：8:00-12:00 14:30-17:30对私：8:00-17:30周六日对私：周六、周日  8:00-17:30,0553-3864377
鸠兹广场支行,芜湖市中山路步行街商贸大厦一楼  [地图],华亿国际中心北侧,周一至周五对公：8:00-12:00 14:30-17:30对私：8:00-17:30周六日对私：周六、周日  8:00-17:30,0553-3871106
城东支行,芜湖市赭山东路8号  [地图],安徽工程科技学院西门东侧,周一至周五对公：8:00-12:00 14:30-17:30对私：8:00-17:30周六日对私：周六、周日  8:00-17:30,0553-2863874
三山支行,芜湖市三山区三华路口  [地图],三山商业街中心十字路口,周一至周五对公：8:00-12:00 14:30-17:30对私：8:00-17:30周六日对私：周六、周日  8:00-17:30,0553-7471319
利民路分理处,南陵县利民南路17号  [地图],南陵县五局大楼旁边,周一至周五对公：8:00-12:00 14:30-17:30对私：8:00-17:30周六日对私：周六、周日  8:00-17:30,0553-6824127
南陵支行,南陵县南翔中路68号  [地图],南陵县汽车东站斜对面,周一至周五对公：8:00-12:00 14:30-17:30对私：8:00-17:30周六日对私：周六、周日  8:00-17:30,0553-6824123
城关分理处,繁昌县繁阳镇金峨路24号  [地图],繁昌县国税局对面,周一至周五对公：8:00-12:00 14:30-17:30对私：8:00-17:30周六日对私：周六、周日  8:00-17:30,0553-7871427
繁昌支行,繁昌县繁阳镇迎春路26号  [地图],华侨大酒店斜对面,周一至周五对公：8:00-12:00 14:30-17:30对私：8:00-17:30周六日对私：周六、周日  8:00-17:30,0553-7861850
芜湖南路分理处,芜湖县芜湖南路1号  [地图],南天大厦东侧；徽香楼对面,周一至周五对公：8:00-12:00 14:30-17:30对私：8:00-17:30周六日对私：周六、周日  8:00-17:30,0553-8812647
芜湖支行,芜湖县芜湖中路1号  [地图],芜湖县汽车站对面,周一至周五对公：8:00-12:00 14:30-17:30对私：8:00-17:30周六日对私：周六、周日  8:00-17:30,0553-8811396
长江大桥支行,芜湖市银湖中路9-5号  [地图],源丰装饰城斜对面,周一至周五对公：8:00-12:00 14:30-17:30对私：8:00-17:30周六日对私：周六、周日  8:00-17:30,0553-5877515
中山路支行,芜湖市中山北路78号  [地图],侨鸿大厦对面；凤凰美食街旁边,周一至周五对公：8:00-12:00 14:30-17:30对私：8:00-17:30周六日对私：周六、周日  8:00-17:30,0553-3824904
镜湖支行,芜湖市北京东路199号  [地图],广电中心北侧；海螺大酒店南侧,周一至周五对公：8:00-12:00 14:30-17:30对私：8:00-17:30周六日对私：周六、周日  8:00-17:30,0553-3118129
黄山路支行,芜湖市鹰都花苑15号楼5号  [地图],九莲塘东侧；鹰都花苑旁边,周一至周五对公：8:00-12:00 14:30-17:30对私：8:00-17:30周六日对私：周六、周日  8:00-17:30,0553-3833153
开发区支行,芜湖市港湾路26号  [地图],海螺型材科技股份有限公司大楼旁,周一至周五对公：8:00-12:00 14:30-17:30对私：8:00-17:30周六日对私：周六、周日  8:00-17:30,0553-5843852
赭山路支行,芜湖市九华中路与芜宁路交叉口  [地图],天和苑旁边；香樟花园斜对面,周一至周五对公：8:00-12:00 14:30-17:30对私：8:00-17:30周六日对私：周六、周日  8:00-17:30,0553-3862639
长江路支行,芜湖市长江南路25-1号  [地图],王家巷小学对面,周一至周五对公：8:00-12:00 14:30-17:30对私：8:00-17:30周六日对私：周六、周日  8:00-17:30,0553-5877097
九华山路支行,芜湖市九华中路238-2号  [地图],市中医院北侧,周一至周五对公：8:00-12:00 14:30-17:30对私：8:00-17:30周六日对私：周六、周日  8:00-17:30,0553-3881351
北京路支行,芜湖市北京西路杰成商业街3幢13-14号  [地图],市公安局西侧；北京路汽车站斜对面,周一至周五对公：8:00-12:00 14:30-17:30对私：8:00-17:30周六日对私：周六、周日  8:00-17:30,0553-3846761
北门支行,芜湖市九华中路302号  [地图],北门十字路口,周一至周五对公：8:00-12:00 14:30-17:30对私：8:00-17:30周六日对私：周六、周日  8:00-17:30,0553-3822652
万春路支行,鸠江区中江大道与万春路交界口南翔万商物流一区2#楼C1119、1120、1121号  [地图],南翔万商市场内,周一至周五对公：8:00-12:00 14:30-17:30对私：8:00-17:30周六日对私：周六、周日  8:00-17:30,0553-3889278
安庆市德宽路储蓄所,安徽省安庆市德宽路25号  [地图],解放路口昌立超市,周一至周五对公：8:00-12:00 15:00-17:00对私：8:00-17:30周六日对私：8:00-17:30,0556-5552452
安庆市双井街分理处,安徽省安庆市双井街103号  [地图],健康路小学,周一至周五对公：8:00-12:00 15:00-17:00对私：8:00-17:30周六日对私：8:00-17:30,0556-5565601
安庆南翔分理处,安庆市开发区光彩大市场四期C区1号楼  [地图],环形天桥3号,周一至周五对公：8:00-12:00 15:00-17:00对私：8:00-17:30周六日对私：8:00-17:30,0556-5171128
安庆市皖江女子分理处,安徽省安庆市人民路419号  [地图],安庆供电局,周一至周五对公：8:00-12:00 15:00-17:00对私：8:00-17:30周六日对私：8:00-17:30,0556-5523879
安庆宜园支行,安徽省安庆市宜园路菱苑新村1号  [地图],湖滨菜市场,周一至周五对公：8:00-12:00 15:00-17:00对私：8:00-17:30周六日对私：8:00-17:30,0556-5365754
安庆蔡山路支行,安徽省安庆市蔡山路1号  [地图],安庆商校,周一至周五对公：8:00-12:00 15:00-17:00对私：8:00-17:30周六日对私：8:00-17:30,0556-5574664
安庆城东支行,安庆市华中西路126号  [地图],华中路和棋盘山路交叉处,周一至周五对公：8:00-12:00 15:00-17:00对私：8:00-17:30周六日对私：8:00-17:30,0556-5503742
安庆华中路支行,安徽省安庆市湖心南路129号  [地图],长途汽车站，五金市场,周一至周五对公：8:00-12:00 15:00-17:00对私：8:00-17:30周六日对私：8:00-17:30,0556-5562542、5566261
安庆宜秀支行,安庆市宜秀区大龙山镇永林村  [地图],安庆大学,周一至周五对公：8:30-12:00 15:00-17:00对私：8:30-17:30周六日对私：8:30-17:30,0556-5263257
安庆市中宜支行,安徽省安庆市孝肃路中宜商厦东1号  [地图],吴越街中宜商厦,周一至周五对公：8:00-12:00 15:00-17:00对私：8:00-17:30周六日对私：8:00-17:30,0556-5517824
安庆市光彩分理处,安庆光彩大市场3期商务区21－23号  [地图],光彩大市场中心,周一至周五对公：8:00-12:00 15:00-17:00对私：8:00-17:30周六日对私：8:00-17:30,0556-5016958
安庆开发区支行,安庆市湖心路与回详路叉口  [地图],安庆九中,周一至周五对公：8:00-12:00 15:00-17:00对私：8:00-17:30周六日对私：8:00-17:30,0556-5339443、5337323
安庆城中支行,安庆市孝肃路241号（原185号）  [地图],龙山路金融大楼,周一至周五对公：8:00-12:00 15:00-17:00对私：8:00-17:30周六日对私：8:00-17:30,0556-5573017、5569569
安庆集贤路支行,安庆市集贤路1号  [地图],柏子桥口,周一至周五对公：8:00-12:00 15:00-17:00对私：8:00-17:30周六日对私：8:00-17:30,0556-5526401、5539362
安庆安庆石化支行,安徽省安庆市集贤南路241号  [地图],石化天桥,周一至周五对公：8:00-12:00 15:00-17:00对私：8:00-17:30周六日对私：8:00-17:30,0556-5329864
安庆岳西支行,安徽省岳西县建设路54号  [地图],岳西县供电局,周一至周五对公：8:00-12:00 15:00-17:00对私：8:00-17:30周六日对私：8:00-17:30,0556-2172461
安庆望江支行,望江县雷阳镇东洲路20#  [地图],望江县人民银行,周一至周五对公：8:00-12:00 15:00-17:00对私：8:00-17:30周六日对私：8:00-17:30,0556-7171419
安庆宿松县支行曙光分理处,宿松县孚玉镇宿松路  [地图],宿松汽车站,周一至周五对公：8:00-12:00 15:00-17:00对私：8:00-17:30周六日对私：8:00-17:30,0556-7821236
安庆宿松支行,宿松县孚玉镇人民路179号  [地图],宿松县电影院,周一至周五对公：8:00-12:00 15:00-17:00对私：8:00-17:30周六日对私：8:00-17:30,0556-7821296
安庆太湖支行,安徽省太湖县新城建设路68号  [地图],太湖中学,周一至周五对公：8:00-12:00 15:00-17:00对私：8:00-17:30周六日对私：8:00-17:30,0556-4165713
安庆潜山县梅城分理处,潜山县东街路57号  [地图],潜山县粮食局,周一至周五对公：8:00-12:00 15:00-17:00对私：8:00-17:30周六日对私：8:00-17:30,0556-8921017
安庆潜山支行,潜山县舒州东路11号  [地图],皖城商厦,周一至周五对公：8:00-12:00 15:00-17:00对私：8:00-17:30周六日对私：8:00-17:30,0556-8923155
安庆桐城市支行新渡分理处,桐城市新渡镇羊子路口  [地图],姚坂路路口,周一至周五对公：8:00-12:00 15:00-17:00对私：8:00-17:30周六日对私：8:00-17:30,0556-6810780
安庆桐城市支行广场分理处,桐城市龙 眠路广电局隔壁  [地图],桐城市广电局,周一至周五对公：8:00-12:00 15:00-17:00对私：8:00-17:30周六日对私：8:00-17:30,0556-6121798
安庆桐城市支行六尺巷分理处,桐城市羊子路口  [地图],龙安广场,周一至周五对公：8:00-12:00 15:00-17:00对私：8:00-17:30周六日对私：8:00-17:30,0556-6128484
安庆桐城支行,桐城市同安路281号  [地图],太阳城,周一至周五对公：8:00-12:00 15:00-17:00对私：8:00-17:30周六日对私：8:00-17:30,0556-6202017
安庆枞阳县支行商城储蓄所,安徽省枞阳县枞阳镇湖滨西路20-13号  [地图],枞阳县供电局,周一至周五对公：8:00-12:00 15:00-17:00对私：8:00-17:30周六日对私：8:00-17:30,0556-2814571
安庆枞阳支行,安徽省枞阳县枞阳镇渡江路27号  [地图],枞阳县移动公司,周一至周五对公：8:00-12:00 15:00-17:00对私：8:00-17:30周六日对私：8:00-17:30,0556-2814837
安庆怀宁县支行建新分理处,安徽省怀宁县石牌镇皖河大道51号  [地图],石牌大酒店,周一至周五对公：8:00-12:00 15:00-17:00对私：8:00-17:30周六日对私：8:00-17:30,0556-4821416
安庆怀宁支行,安徽省怀宁县高河镇稼仙路中段  [地图],怀宁县人民银行,周一至周五对公：8:00-12:00 15:00-17:00对私：8:00-17:30周六日对私：8:00-17:30,0556-4634342
黟县支行,黟县马道路80-8号  [地图],烟草大厦，农业银行附近,周一至周五对公：8:00-12:00 14:30-17:30对私：8:00-17:30周六日对私：周六、周日  8:00-17:30,0559-5522392
徽州支行,皖黄山市徽州区永佳大道405号  [地图],永华御园小区,周一至周五对公：8:00-12:00 14:30-17:30对私：8:00-17:30周六日对私：周六、周日  8:00-17:30,0559-3511350
黄山风景区支行,黄山市汤口镇沿溪街  [地图],汤口镇沿溪街店铺、黄山旅游股份大楼斜对面,周一至周五对公：8:00-12:00 14:30-17:30对私：8:00-17:30周六日对私：周六、周日  8:00-17:30,0559-5562995
休宁支行,休宁县萝宁街新宁广场17－2号  [地图],新宇假日酒店对面,周一至周五对公：8:00-12:00 14:30-17:30对私：8:00-17:30周六日对私：周六、周日  8:00-17:30,0559-7513955
歙县支行徽城分理处,黄山市歙县新安路8号  [地图],歙县鸿基商贸城,周一至周五对公：8:00-12:00 14:30-17:30对私：8:00-17:30周六日对私：周六、周日  8:00-17:30,0559-6537630
歙县支行,黄山市歙县新安路45-9号  [地图],歙县新安学校对面,周一至周五对公：8:00-12:00 14:30-17:30对私：8:00-17:30周六日对私：周六、周日  8:00-17:30,0559-6512046
祁门支行,黄山市祁门县中心北路57号  [地图],五交化大楼,周一至周五对公：8:00-12:00 14:30-17:30对私：8:00-17:30周六日对私：周六、周日  8:00-17:30,0559-4512257
黄山支行北海分理处,黄山区北海北路85号  [地图],昌盛市场,周一至周五对公：8:00-12:00 14:30-17:30对私：8:00-17:30周六日对私：周六、周日  8:00-17:30,0559-8532316
黄山支行,黄山区平湖西路  [地图],中通广场,周一至周五对公：8:00-12:00 14:30-17:30对私：8:00-17:30周六日对私：周六、周日  8:00-17:30,0559-8533496
经济开发区支行,黄山市经济开发区梅林大道50号  [地图],经济开发区管委会大楼,周一至周五对公：8:00-12:00 14:30-17:30对私：8:00-17:30周六日对私：周六、周日  8:00-17:30,0559-2552238
黄山西路支行,黄山市屯溪区黄山西路43号  [地图],商贸城路口,周一至周五对公：8:00-12:00 14:30-17:30对私：8:00-17:30周六日对私：周六、周日  8:00-17:30,0559-2520388
天都支行,黄山市屯溪区股份大道黄山报业大楼一楼  [地图],黄山报业大楼、世贸绿洲小区、君悦华府小区、天一国际,周一至周五对公：8:00-12:00 14:30-17:30对私：8:00-17:30周六日对私：周六、周日  8:00-17:30,0559-2515235
延安路支行,黄山市屯溪区延安路30号  [地图],华山宾馆、东方假日酒店、黄山市现代实验小学,周一至周五对公：8:00-12:00 14:30-17:30对私：8:00-17:30周六日对私：周六、周日  8:00-17:30,0559-2513394
屯溪支行,黄山市屯溪区新安南路3号  [地图],元一大观、阳光绿水小区、锦绣江南小区,周一至周五对公：8:00-12:00 14:30-17:30对私：8:00-17:30周六日对私：周六、周日  8:00-17:30,0559-2353280
市分行营业部,黄山市屯溪区前园南路2号  [地图],徽州大剧院、华联超市、明珠酒店,周一至周五对公：8:00-12:00 14:30-17:30对私：8:00-17:30周六日对私：周六、周日  8:00-17:30,0559-2513158
颍东区支行,阜阳市颍河东路328号  [地图],烟厂对面,对私：周一至周日8：30－17：30 对公：8:30-11:30 14:30-17:30  周六、周日休息,0558-2312201
颍泉区支行营业部,阜阳市颍州北路86号  [地图],大戏院西对面,对私：周一至周日8：30－17：30 对公：8:30-11:30 14:30-17:30  周六、周日休息,0558-2253437
能源交通支行,阜阳市北京东路288号  [地图],火车站西,对私：周一至周日8：30－17：30 对公：8:30-11:30 14:30-17:30  周六、周日休息,0558-2324917
颍上支行商厦储蓄所,颍上县爱心北路  [地图],翠林大酒店对面,周一至周日8：30－17：30,0558-4412220
颍上支行营业部,颍上县城关镇解放北路  [地图],帝皇商贸对面,对私：周一至周日8：30－17：30 对公：8:30-11:30 14:30-17:30  周六、周日休息,0558-4412586
临泉车站分理处,临泉县同阳路25号  [地图],临泉水利局隔壁,周一至周日8：30－17：30,0558-6512173
临泉支行营业部,临泉县光明南路71号  [地图],临泉四中旁边,对私：周一至周日8：30－17：30 对公：8:30-11:30 14:30-17:30  周六、周日休息,0558-6512123
阜阳经济技术开发区支行,经济技术开发区商业街一号楼  [地图],上海大花园隔壁,对私：周一至周日8：30－17：30 对公：8:30-11:30 14:30-17:30  周六、周日休息,0558-2221763
阜阳颍州支行,阜阳市二环路与阜王路交叉口  [地图],蓝色雅典东面,对私：周一至周日8：30－17：30 对公：8:30-11:30 14:30-17:30  周六、周日休息,0558-2269974
鼓楼支行,阜阳市人民西路  [地图],鼓楼广场,周一至周日8：30－17：30,0558-2267288
阜阳金茂支行,阜阳自来水公司对面  [地图],港利金茂广场,周一至周日8：30－17：30,0558-2264449
颍上南路分理处,阜阳市颍上南路121号  [地图],商厦儿童购物中心北面,周一至周日8：30－17：30,0558-2265829
师院分理处,阜阳市清河河西路  [地图],香格里拉小区门口,周一至周日8：30－17：30,0558-2561050
清颍分理处,阜阳汽车南站  [地图],五交化门口,周一至周日8：30－17：30,0558-2185353
鑫鹰分理处,阜阳市颍河西路  [地图],市人民医院东,周一至周日8：30－17：30,0558-2182067
清河分理处,阜阳市清河路22号  [地图],清河广场对面,周一至周日8：30－17：30,0558-2251454
二里井支行,阜阳市清河路与颍州路交叉口  [地图],白金汉宫对面,对私：周一至周日8：30－17：30 对公：8:30-11:30 14:30-17:30  周六、周日休息,0558-2187480
阜阳幸福支行,阜阳市向阳路135号  [地图],二处立交桥对面,周一至周日8：30－17：30,0558-2325180
花园支行,阜阳市颍州北路217号  [地图],国贸商城斜对面,周一至周日8：30－17：30,0558-2265952
建颍分理处,阜阳市颍上路94号  [地图],阜阳商厦南,周一至周日8：30－17：30,0558-2267073
太和支行车站分理处,太和县人民中路13号  [地图],富达商场斜对面,周一至周日8：30－17：30,0558-8624939
太和支行人民路分理处,太和县人民中路153号  [地图],大戏院对面,周一至周日8：30－17：30,0558-8622235
太和支行营业部,太和县镜湖中路46号  [地图],民政局对面,对私：周一至周日8：30－17：30 对公：8:30-11:30 14:30-17:30  周六、周日休息,0558-8623401
阜南支行银鹏储蓄所,阜南县地城北路17号  [地图],新文化大世界隔壁,周一至周日8：30－17：30,0558-6715813
阜南支行淮河西路储蓄所,阜南县淮河西路3号  [地图],国际大酒店对面,周一至周日8：30－17：30,0558-6713685
阜南支行营业部,阜南城关镇谷河路59号  [地图],水厂隔壁,对私：周一至周日8：30－17：30 对公：8:30-11:30 14:30-17:30  周六、周日休息,0558-6712137
界首支行富源分理处,界首市人民东路  [地图],供电局隔壁,周一至周日8：30－17：30,0558-4811603
界首支行利民储蓄所,界首市解放四大街1号  [地图],界首一中旁边,周一至周日8：30－17：30,0558-4812818
界首支行营业部,界首市中原东路10号  [地图],人寿保险公司对面,对私：周一至周日8：30－17：30 对公：8:30-11:30 14:30-17:30  周六、周日休息,0558-4886614
营业部,阜阳市颍州中路188号  [地图],文峰宾馆隔壁,对私：周一至周日8：30－17：30 对公：8:30-11:30 14:30-17:30  周六、周日休息,0558-2287609
宿州沱河支行,宿州市东关三十三处  [地图],三十三处、三十三处医院,周一至周五对公：8:00-12:00 14:30-17:30对私：8:00-17:30对私：周六、周日不休息,0557-3310424
宿州财富广场支行,宿州市汴河中路363号  [地图],华安证券公司,周一至周五对公：8:00-12:00 14:30-17:30对私：8:00-17:30对私：周六、周日不休息,0557-3025605
灵璧支行,灵璧县城西关桥头北侧  [地图],西关桥头,周一至周五对公：8:00-12:00 14:30-17:30对私：8:00-17:30对私：周六、周日不休息,0557-6022481
宿州科技广场支行,宿州市汴河中路152号  [地图],商之都、市委党校、市分行本部一楼,周一至周五对公：8:00-12:00 14:30-17:30对私：8:00-17:30对私：周六、周日不休息,0557-3052204
宿州宿东支行,宿州市汴河东路144号  [地图],小区、公交站点,周一至周五对公：8:00-12:00 14:30-17:30对私：8:00-17:30对私：周六、周日不休息,0557-3313360
宿州墉桥支行,宿州市胜利路462号  [地图],宿州宾馆、邮政局、支行本部一楼,周一至周五对公：8:00-12:00 14:30-17:30对私：8:00-17:30对私：周六、周日不休息,0557-3026407
宿州煤炭支行,宿州市浍水西路185号  [地图],皖北矿务局、支行本部一楼,周一至周五对公：8:00-12:00 14:30-17:30对私：8:00-17:30对私：周六、周日不休息,0557-3913841
宿州建业支行,宿州市宿怀北路东关大街路口  [地图],火车站,周一至周五对公：8:00-12:00 14:30-17:30对私：8:00-17:30对私：周六、周日不休息,0557-3028053
宿州建龙支行,宿州市淮海路49号  [地图],华夏商城北,周一至周五对公：8:00-12:00 14:30-17:30对私：8:00-17:30对私：周六、周日不休息,0557-3059841
萧县城关分理处,萧县龙城镇交通路中段  [地图],华安证券公司,周一至周五对公：8:00-12:00 14:30-17:30对私：8:00-17:30对私：周六、周日不休息,0557-5023787
砀山老城分理处,砀城人民西路194号  [地图],二中、县医院东200米,周一至周五对公：8:00-12:00 14:30-17:30对私：8:00-17:30对私：周六、周日不休息,0557-3021361
宿州三勘支行,宿州市北关勘探队  [地图],勘探队,周一至周五对公：8:00-12:00 14:30-17:30对私：8:00-17:30对私：周六、周日不休息,0557-3030521
宿州浍水路支行,宿州市浍水中路340号  [地图],宿州二中,周一至周五对公：8:00-12:00 14:30-17:30对私：8:00-17:30对私：周六、周日不休息,0557-3919174
宿州东城支行,宿州市汴河东路527号  [地图],欣欣饭店,周一至周五对公：8:00-12:00 14:30-17:30对私：8:00-17:30对私：周六、周日不休息,0557-3319726
萧县黄口支行,萧县黄口镇人民路28号  [地图],苏果超市,周一至周五对公：8:00-12:00 14:30-17:30对私：8:00-17:30对私：周六、周日不休息,0557-5667015
萧县马云桥分理处,萧县龙城镇交通路西段  [地图],农贸市场、种子公司,周一至周五对公：8:00-12:00 14:30-17:30对私：8:00-17:30对私：周六、周日不休息,0557-5023685
砀山道北分理处,砀山县生资公司楼下  [地图],全友家具,周一至周五对公：8:00-12:00 14:30-17:30对私：8:00-17:30对私：周六、周日不休息,0557-8022314
宿州任楼支行,濉溪县任楼煤矿  [地图],煤矿工人村,周一至周五对公：8:00-12:00 14:30-17:30对私：8:00-17:30对私：周六、周日不休息,0557-3984283
宿州胜利路支行,宿州市胜利路314号  [地图],一小,周一至周五对公：8:00-12:00 14:30-17:30对私：8:00-17:30对私：周六、周日不休息,0557-3024314
宿州市祁县支行,宿州市祁县镇古城路  [地图],煤矿工人村,周一至周五对公：8:00-12:00 14:30-17:30对私：8:00-17:30对私：周六、周日不休息,0557-2656239
宿州芦岭支行,宿州市芦岭镇中心路中段  [地图],煤矿工人村,周一至周五对公：8:00-12:00 14:30-17:30对私：8:00-17:30对私：周六、周日不休息,0557-5876242
宿州光彩支行,宿州市光彩城  [地图],光彩城,周一至周五对公：8:00-12:00 14:30-17:30对私：8:00-17:30对私：周六、周日不休息,0557-3651311
泗县支行,泗县国防路57号  [地图],汽车站东100米,周一至周五对公：8:00-12:00 14:30-17:30对私：8:00-17:30对私：周六、周日不休息,0557-7022812
砀山支行营业部,砀山县人民东路4号(梨都大厦楼下)  [地图],梨都大厦、支行本部一楼,周一至周五对公：8:00-12:00 14:30-17:30对私：8:00-17:30对私：周六、周日不休息,0557-8021514
萧县支行营业部,萧县龙城镇淮海东路4号  [地图],萧县宾馆、支行本部一楼,周一至周五对公：8:00-12:00 14:30-17:30对私：8:00-17:30对私：周六、周日不休息,0557-5022607
四牌楼支行,滁州市南谯北路534-536号  [地图],南桥头，实验小学北侧,周一至周日对私：8:00-17:30,0550－3523290
广场支行,滁州市凤凰路424号  [地图],人保财险大厦对面,周一至周五对公：8:00-12:00 14:30-17:30对私：8:00-17:30对私：周六、周日不休息,0550-3067718
建业支行,滁州市明光路142号  [地图],二中斜对面,周一至周五对公：8:00-12:00 14:30-17:30对私：8:00-17:30对私：周六、周日不休息,0550-3027635
天长千秋分理处,天长市建设西路76号  [地图],实验中学西侧,周一至周日对私：8:00-17:30,0550-7021781
天长住建分理处,天长市石梁西路1号  [地图],中行对面，飞天大厦,周一至周日对私：8:00-17:30,0550-7024538
天长支行营业部,天长市永福东路  [地图],天康集团对面,周一至周五对公：8:00-12:00 14:30-17:30对私：8:00-17:30对私：周六、周日不休息,0550-7307719
明光支行,明光市车站路46号  [地图],工行，中行对面,周一至周五对公：8:00-12:00 14:30-17:30对私：8:00-17:30对私：周六、周日不休息,0550－8027367
滁州建行南谯路支行,滁州市水石广场709号  [地图],水石购物广场、肯德基,周一至周日对私：8:00-17:30,0550-3028159
凤阳府城分理处,滁州市凤阳县府城镇西街  [地图],县政府西侧＼百大超市对面,周一至周日对私：8:00-17:30,0550-6721407
凤阳支行营业部,滁州市凤阳县府城镇北街87＃  [地图],烟草公司南侧＼晓锣饭地面,周一至周五对公：8:00-12:00 14:30-17:30对私：8:00-17:30对私：周六、周日不休息,0550-6721401
城东支行,滁州市天长东路179号  [地图],滁州市金光大道购物广场东侧，阳光大厦对面,周一至周五对公：8:00-12:00 14:30-17:30对私：8:00-17:30对私：周六、周日不休息,0550-3031944
滁州湖心路支行,安徽省滁州市湖心路167号  [地图],"银花西区附近,同乐园大酒店对面",周一至周五对公：8:00-12:00 14:30-17:30对私：8:00-17:30对私：周六、周日不休息,3067683   3056309
来安县支行,来安县建阳南路183号  [地图],来安县长途汽车站正对面,周一至周五对公：8:00-12:00 14:30-17:30对私：8:00-17:30对私：周六、周日不休息,0550-5614031
城南支行,滁州市清流路168号  [地图],电信大楼一楼、公安局、110指挥中心斜对面,周一至周五对公：8:00-12:00 14:30-17:30对私：8:00-17:30对私：周六、周日不休息,0550-3076042
定远支行营业部,定远县东城路37号  [地图],长江路菜场对面、紧临吉瑞定远大酒店,周一至周五对公：8:00-12:00 14:30-17:30对私：8:00-17:30对私：周六、周日不休息,0550-4028549
定远支行稻花香分理处,定远县嘉禧广场C（中）101A  [地图],五谷山庄、新华书店之间，中医院对门,周一至周日对私：8:00-17:30,0550―4023416
全椒支行金融广场分理处,全椒县街心花园  [地图],街心花园,周一至周日对私：8:00-17:30,0550-5016404
全椒支行,全椒县宝林路10号  [地图],新华路苏果超市对面,周一至周五对公：8:00-12:00 14:30-17:30对私：8:00-17:30对私：周六、周日不休息,0550-5011709
东门支行,六安皖西路173号  [地图],皖西路小学,周一至周五对公：8:00-12:00 14:30-17:30对私：8:00-17:30周六日对私：周六8:00-17:30,0564-3210804
寿州分理处,寿县棋盘街  [地图],寿县棋盘街,周一至周五对公：8:00-12:00 14:30-17:30对私：8:00-17:30周六日对私：周六8:00-17:30,0564-4025937
寿县支行,寿县城关西大街  [地图],寿县城关西大街,周一至周五对公：8:00-12:00 14:30-17:30对私：8:00-17:30周六日对私：周六8:00-17:30,0564-4022877
建新分理处,霍邱县东湖路333号  [地图],东湖路中段,周一至周五对公：8:00-12:00 14:30-17:30对私：8:00-17:30周六日对私：周六8:00-17:30,0564-6022271
霍邱县支行,霍邱县光明大道  [地图],法院对面,周一至周五对公：8:00-12:00 14:30-17:30对私：8:00-17:30周六日对私：周六8:00-17:30,0564-6022363
霍山县支行,霍山县六佛西路18号  [地图],霍山县六佛西路19号,周一至周五对公：8:00-12:00 14:30-17:30对私：8:00-17:30周六日对私：周六8:00-17:30,0564-5022558
金寨县支行,梅山镇史河路156号  [地图],梅山镇史河路157号,周一至周五对公：8:00-12:00 14:30-17:30对私：8:00-17:30周六日对私：周六8:00-17:30,0564-7068140
东门分理处,城关镇小东门  [地图],城关镇小东门,周一至周五对公：8:00-12:00 14:30-17:30对私：8:00-17:30周六日对私：周六8:00-17:30,0564-8628735
梅河路分理处,舒城梅河路中段  [地图],舒城梅河路中段,周一至周五对公：8:00-12:00 14:30-17:30对私：8:00-17:30周六日对私：周六8:00-17:30,0564-8626643
舒城县支行,舒城县梅河路1号  [地图],大转盘,周一至周五对公：8:00-12:00 14:30-17:30对私：8:00-17:30周六日对私：周六8:00-17:30,0564-8671526
大别山路分理处,大别山路115号  [地图],大别山路与磨子潭路交叉口,周一至周五对公：8:00-12:00 14:30-17:30对私：8:00-17:30周六日对私：周六8:00-17:30,0564-3287509
九墩塘支行,解放中路78号  [地图],新华书店,周一至周五对公：8:00-12:00 14:30-17:30对私：8:00-17:30周六日对私：周六8:00-17:30,0564-3219693
开发区支行,七里站大圆盘东北侧  [地图],七里站大圆盘东北侧,周一至周五对公：8:00-12:00 14:30-17:30对私：8:00-17:30周六日对私：周六8:00-17:30,0564-3317710
梅山路支行,梅山路48号  [地图],锦华宾馆,周一至周五对公：8:00-12:00 14:30-17:30对私：8:00-17:30周六日对私：周六8:00-17:30,0564-3327953
城北支行,梅山北路  [地图],梅山北路与解放北路交叉口,周一至周五对公：8:00-12:00 14:30-17:30对私：8:00-17:30周六日对私：周六8:00-17:30,0564-3365047
云路支行,云路街9号  [地图],云路街9号,周一至周五对公：8:00-12:00 14:30-17:30对私：8:00-17:30周六日对私：周六8:00-17:30,0564-5398859
建龙分理处,人民路88号  [地图],中医院西侧,周一至周五对公：8:00-12:00 14:30-17:30对私：8:00-17:30周六日对私：周六8:00-17:30,0564-3341850
利民支行,皖西路15号  [地图],花都酒店,周一至周五对公：8:00-12:00 14:30-17:30对私：8:00-17:30周六日对私：周六8:00-17:30,0564-3314770
滨河支行,大别山路13号  [地图],钟楼,周一至周五对公：8:00-12:00 14:30-17:30对私：8:00-17:30周六日对私：周六8:00-17:30,0564-3319284
皖西路支行,皖西路141号  [地图],二中,周一至周五对公：8:00-12:00 14:30-17:30对私：8:00-17:30周六日对私：周六8:00-17:30,0564-3983930
旌德分理处,旌德县旌阳镇和平路15号  [地图],旌德商业街,周一至周五对公：8:00-12:00 14:30-17:30对私：8:00-17:30周六周日对私：8:00-17:38,0563-8022542
国府分理处,宁国市津河东路40号-2  [地图],宁国司尔特宾馆旁,周一至周日对私：8:00-17:30,0563-4021682
锦苑分理处,宁国市宁城北路锦苑广场62-12  [地图],宁国锦苑商业广场,周一至周日对私：8:00-17:30,0563-4021102
宁国支行,宁国市宁阳东路28号  [地图],亚夏集团隔壁,周一至周五对公：8:00-12:00 14:30-17:30对私：8:00-17:30周六周日对私：8:00-17:38,0563-4021152
泾县支行,泾县苏红东路259号  [地图],泾县行政服务中心旁,周一至周五对公：8:00-12:00 14:30-17:30对私：8:00-17:30周六周日对私：8:00-17:37,0563-5022752
郎溪县支行,郎溪县建平镇中港路181号  [地图],郎溪新建商业街对面,周一至周五对公：8:00-12:00 14:30-17:30对私：8:00-17:30周六周日对私：8:00-17:36,0563-7024413
天寿分理处,广德县景贤街13号  [地图],广德开发区,周一至周日对私：8:00-17:30,0563-6024189
广德县支行,广德县太极大道62号  [地图],广德商业街,周一至周五对公：8:00-12:00 14:30-17:30对私：8:00-17:30周六周日对私：8:00-17:36,0563-6022873
南街分理处,绩溪县南大街25号  [地图],绩溪县中心商业街,周一至周日对私：8:00-17:30,0563-8162775
绩溪县支行,绩溪县华阳南路  [地图],绩溪县商业街,周一至周五对公：8:00-12:00 14:30-17:30对私：8:00-17:30周六周日对私：8:00-17:34,0563-8161922
西苑分理处,宣城市宣州区陵西路76号  [地图],"宣州区卫生局对面,人民银行旁",周一至周日对私：8:00-17:30,0563-3028098
开发区支行,宣城市经济开发区内  [地图],中鼎股份公司旁,周一至周五对公：8:00-12:00 14:30-17:30对私：8:00-17:30周六周日对私：8:00-17:32,0563-2610805
济川支行,宣城市宣州区叠嶂东路43号  [地图],"凤凰桥向南50米,火车站旁",周一至周五对公：8:00-12:00 14:30-17:30对私：8:00-17:30周六周日对私：8:00-17:31,0563-2820687
锦城支行,宣城市宣州区锦城南路126号  [地图],宣州区第四小学向南100米,周一至周五对公：8:00-12:00 14:30-17:30对私：8:00-17:30周六周日对私：8:00-17:30,0563-3025449
鳌峰支行,宣城市宣州区叠嶂中路62号  [地图],宣州区教委对面,周一至周五对公：8:00-12:00 14:30-17:30对私：8:00-17:30周六周日对私：8:00-17:30,0563-3023234
状元路支行,宣城市宣州区状元南路17号  [地图],南天宾馆对面,周一至周五对公：8:00-12:00 14:30-17:30对私：8:00-17:30周六周日对私：8:00-17:30,0563-3021511
池州分行贵池支行,池州市秋浦西路119号  [地图],池州市城西小学,周一至周五对公：9:00-12:00 15:00-17:30对私：9:00-18:30周六日对私：周六、周日8:00-18:00,0566-2023701
池州青阳支行西街分理处,青阳县蓉城镇九华西路41号  [地图],青阳县人武部,周一至周五对公：9:00-12:00 15:00-17:30对私：9:00-18:30周六日对私：周六、周日8:00-18:00,0566-5021496
池州分行青阳支行,青阳县蓉城镇木镇路17-6号  [地图],青阳县人寿保险公司,周一至周五对公：9:00-12:00 15:00-17:30对私：9:00-18:30周六日对私：周六、周日8:00-18:00,0566-5021527
池州分行东至支行,东至县尧渡镇尧北路54号  [地图],东至县国税局,周一至周五对公：9:00-12:00 15:00-17:30对私：9:00-18:30周六日对私：周六、周日8:00-18:00,0566-7011297
池州分行杏村西路支行,池州市长江中路86号  [地图],池州市贵池区东华东商贸有限公司超市,周一至周五对公：9:00-12:00 15:00-17:30对私：9:00-18:30周六日对私：周六、周日8:00-18:00,0566-2025284
池州分行百荷分理处,池州市汇景南苑19-（117-119）  [地图],池州市汇景居民小区,周一至周五对公：9:00-12:00 15:00-17:30对私：9:00-18:30周六日对私：周六、周日8:00-18:00,0566-2031131
池州分行建设路支行,池州市建设中路168、170号  [地图],池州市妇女儿童活动中心,周一至周五对公：9:00-12:00 15:00-17:30对私：9:00-18:30周六日对私：周六、周日8:00-18:00,0566-2021641
池州分行翠微支行,池州市翠微西路150号  [地图],池州市秀山门广场,周一至周五对公：9:00-12:00 15:00-17:30对私：9:00-18:30周六日对私：周六、周日8:00-18:00,0566-2020340
池州分行翠园分理处,池州市翠柏中路187号  [地图],池州联通公司,周一至周五对公：9:00-12:00 15:00-17:30对私：9:00-18:30周六日对私：周六、周日8:00-18:00,0566-2023765
池州分行长江路支行,池州市长江中路171、173、175号  [地图],池州市秋浦花园,周一至周五对公：9:00-12:00 15:00-17:30对私：9:00-18:30周六日对私：周六、周日8:00-18:00,0566-2029344
池州分行包公井分理处,池州市翠柏南路9号  [地图],池州市包公井市场,周一至周五对公：9:00-12:00 15:00-17:30对私：9:00-18:30周六日对私：周六、周日8:00-18:00,0566-2617108
池州分行秋浦支行,池州市秋浦中路156号  [地图],池州市贵池区东华东商贸有限公司购物城,周一至周五对公：9:00-12:00 15:00-17:30对私：9:00-18:30周六日对私：周六、周日8:00-18:00,0566-2027803
池州分行九华山支行,池州市九华山风景区九华街化城路35号  [地图],九华山风景区,周一至周五对公：9:00-12:00 15:00-17:30对私：9:00-18:30周六日对私：周六、周日8:00-18:00,0566-2831407
池州市分行,池州市翠微西路150号  [地图],池州市秀山门广场,周一至周五对公：9:00-12:00 15:00-17:30对私：9:00-18:30周六日对私：周六、周日8:00-18:00,0566-2022896
含山东关分理处,巢湖市含山县东关镇省水泥厂  [地图],东关省水泥厂,周一至周日  对私：8:00-18:00,0551-84822546
